Testfile,cuda-total,cuda-PASSED,cuda-Skipped,cuda-Failed,stock_xpu-total,stock_xpu-PASSED,stock_xpu-Skipped,stock_xpu-Failed
test/TEST-TestDeviceBackendAutoload.py,1.0,1.0,0.0,0.0,1.0,1.0,0.0,0.0
test/backends/xeon/test_launch.py,2.0,2.0,0.0,0.0,2.0,2.0,0.0,0.0
test/benchmark_utils/test_benchmark_utils.py,9.0,5.0,4.0,0.0,9.0,5.0,4.0,0.0
test/cpp_extensions/libtorch_agnostic_extension/test/test_libtorch_agnostic.py,26.0,20.0,6.0,0.0,0.0,0.0,0.0,0.0
test/cpp_extensions/python_agnostic_extension/test/test_python_agnostic.py,1.0,1.0,0.0,0.0,1.0,1.0,0.0,0.0
test/cpp_extensions/torch_stable_test_extension/torch_stable_test/test_torch_stable.py,1.0,1.0,0.0,0.0,1.0,1.0,0.0,0.0
test/distributed/_composable/fsdp/test_fully_shard_autograd.py,5.0,5.0,0.0,0.0,,,,
test/distributed/_composable/fsdp/test_fully_shard_clip_grad_norm_.py,2.0,2.0,0.0,0.0,,,,
test/distributed/_composable/fsdp/test_fully_shard_comm.py,22.0,22.0,0.0,0.0,,,,
test/distributed/_composable/fsdp/test_fully_shard_compile.py,18.0,14.0,4.0,0.0,,,,
test/distributed/_composable/fsdp/test_fully_shard_extensions.py,5.0,5.0,0.0,0.0,,,,
test/distributed/_composable/fsdp/test_fully_shard_frozen.py,3.0,3.0,0.0,0.0,,,,
test/distributed/_composable/fsdp/test_fully_shard_grad_scaler.py,1.0,1.0,0.0,0.0,,,,
test/distributed/_composable/fsdp/test_fully_shard_ignore_params.py,1.0,1.0,0.0,0.0,,,,
test/distributed/_composable/fsdp/test_fully_shard_init.py,42.0,42.0,0.0,0.0,,,,
test/distributed/_composable/fsdp/test_fully_shard_logging.py,0.0,0.0,0.0,0.0,,,,
test/distributed/_composable/fsdp/test_fully_shard_memory.py,2.0,2.0,0.0,0.0,,,,
test/distributed/_composable/fsdp/test_fully_shard_mixed_precision.py,9.0,9.0,0.0,0.0,,,,
test/distributed/_composable/fsdp/test_fully_shard_overlap.py,2.0,1.0,1.0,0.0,,,,
test/distributed/_composable/fsdp/test_fully_shard_state.py,5.0,5.0,0.0,0.0,,,,
test/distributed/_composable/fsdp/test_fully_shard_state_dict.py,7.0,7.0,0.0,0.0,,,,
test/distributed/_composable/fsdp/test_fully_shard_training.py,25.0,24.0,1.0,0.0,,,,
test/distributed/_composable/test_checkpoint.py,6.0,6.0,0.0,0.0,,,,
test/distributed/_composable/test_composability/test_2d_composability.py,18.0,17.0,1.0,0.0,,,,
test/distributed/_composable/test_composability/test_pp_composability.py,26.0,26.0,0.0,0.0,,,,
test/distributed/_composable/test_contract.py,5.0,5.0,0.0,0.0,,,,
test/distributed/_composable/test_replicate.py,17.0,17.0,0.0,0.0,,,,
test/distributed/_composable/test_replicate_mixed_precision.py,9.0,9.0,0.0,0.0,,,,
test/distributed/_composable/test_replicate_training.py,17.0,17.0,0.0,0.0,,,,
test/distributed/_composable/test_replicate_with_compiler.py,10.0,8.0,2.0,0.0,,,,
test/distributed/_composable/test_replicate_with_fsdp.py,5.0,5.0,0.0,0.0,,,,
test/distributed/_pycute/test_coalesce.py,1.0,1.0,0.0,0.0,,,,
test/distributed/_pycute/test_complement.py,1.0,1.0,0.0,0.0,,,,
test/distributed/_pycute/test_composition.py,1.0,1.0,0.0,0.0,,,,
test/distributed/_pycute/test_int_tuple.py,12.0,12.0,0.0,0.0,,,,
test/distributed/_pycute/test_left_inverse.py,1.0,1.0,0.0,0.0,,,,
test/distributed/_pycute/test_right_inverse.py,1.0,1.0,0.0,0.0,,,,
test/distributed/_pycute/test_typing.py,1.0,1.0,0.0,0.0,,,,
test/distributed/_shard/sharded_optim/test_sharded_optim.py,2.0,2.0,0.0,0.0,,,,
test/distributed/_shard/sharded_tensor/ops/test_binary_cmp.py,4.0,4.0,0.0,0.0,,,,
test/distributed/_shard/sharded_tensor/ops/test_embedding.py,2.0,2.0,0.0,0.0,,,,
test/distributed/_shard/sharded_tensor/ops/test_embedding_bag.py,2.0,2.0,0.0,0.0,,,,
test/distributed/_shard/sharded_tensor/ops/test_init.py,3.0,3.0,0.0,0.0,,,,
test/distributed/_shard/sharded_tensor/ops/test_tensor_ops.py,5.0,5.0,0.0,0.0,,,,
test/distributed/_shard/sharded_tensor/test_logger.py,1.0,1.0,0.0,0.0,,,,
test/distributed/_shard/sharded_tensor/test_sharded_tensor.py,74.0,74.0,0.0,0.0,,,,
test/distributed/_shard/sharded_tensor/test_sharded_tensor_reshard.py,2.0,2.0,0.0,0.0,,,,
test/distributed/_shard/sharding_plan/test_sharding_plan.py,3.0,3.0,0.0,0.0,,,,
test/distributed/_shard/sharding_spec/test_sharding_spec.py,11.0,11.0,0.0,0.0,,,,
test/distributed/_shard/test_sharder.py,2.0,2.0,0.0,0.0,,,,
test/distributed/_tools/test_fake_collectives.py,1.0,1.0,0.0,0.0,,,,
test/distributed/_tools/test_fsdp2_mem_tracker.py,3.0,3.0,0.0,0.0,,,,
test/distributed/_tools/test_mem_tracker.py,3.0,3.0,0.0,0.0,,,,
test/distributed/_tools/test_memory_tracker.py,1.0,1.0,0.0,0.0,,,,
test/distributed/_tools/test_mod_tracker.py,4.0,4.0,0.0,0.0,,,,
test/distributed/_tools/test_runtime_estimator.py,2.0,2.0,0.0,0.0,,,,
test/distributed/_tools/test_sac_estimator.py,2.0,2.0,0.0,0.0,,,,
test/distributed/_tools/test_sac_ilp.py,4.0,4.0,0.0,0.0,,,,
test/distributed/algorithms/ddp_comm_hooks/test_ddp_hooks.py,6.0,6.0,0.0,0.0,,,,
test/distributed/algorithms/quantization/test_quantization.py,6.0,6.0,0.0,0.0,,,,
test/distributed/algorithms/test_join.py,9.0,9.0,0.0,0.0,,,,
test/distributed/checkpoint/_experimental/test_barriers.py,2.0,2.0,0.0,0.0,,,,
test/distributed/checkpoint/_experimental/test_builder.py,4.0,4.0,0.0,0.0,,,,
test/distributed/checkpoint/_experimental/test_checkpoint_process.py,15.0,15.0,0.0,0.0,,,,
test/distributed/checkpoint/_experimental/test_checkpoint_reader.py,7.0,7.0,0.0,0.0,,,,
test/distributed/checkpoint/_experimental/test_checkpoint_writer.py,8.0,8.0,0.0,0.0,,,,
test/distributed/checkpoint/_experimental/test_checkpointer.py,11.0,11.0,0.0,0.0,,,,
test/distributed/checkpoint/_experimental/test_staging.py,7.0,6.0,1.0,0.0,,,,
test/distributed/checkpoint/_experimental/test_types.py,3.0,3.0,0.0,0.0,,,,
test/distributed/checkpoint/e2e/test_e2e_save_and_load.py,19.0,19.0,0.0,0.0,,,,
test/distributed/checkpoint/e2e/test_fine_tuning.py,1.0,1.0,0.0,0.0,,,,
test/distributed/checkpoint/e2e/test_fsdp_ep.py,1.0,1.0,0.0,0.0,,,,
test/distributed/checkpoint/fsdp/test_fsdp_dsd.py,6.0,6.0,0.0,0.0,,,,
test/distributed/checkpoint/test_async_process_executor.py,1.0,1.0,0.0,0.0,,,,
test/distributed/checkpoint/test_checkpoint.py,8.0,8.0,0.0,0.0,,,,
test/distributed/checkpoint/test_compatibility.py,4.0,4.0,0.0,0.0,,,,
test/distributed/checkpoint/test_consolidate_hf_safetensors.py,7.0,7.0,0.0,0.0,,,,
test/distributed/checkpoint/test_dedup_tensors.py,1.0,1.0,0.0,0.0,,,,
test/distributed/checkpoint/test_dtensor_checkpoint.py,1.0,1.0,0.0,0.0,,,,
test/distributed/checkpoint/test_dtensor_resharding.py,10.0,10.0,0.0,0.0,,,,
test/distributed/checkpoint/test_file_system_checkpoint.py,9.0,9.0,0.0,0.0,,,,
test/distributed/checkpoint/test_file_system_checkpoint_cpu.py,16.0,16.0,0.0,0.0,,,,
test/distributed/checkpoint/test_format_utils.py,3.0,3.0,0.0,0.0,,,,
test/distributed/checkpoint/test_fsdp_model_state.py,2.0,2.0,0.0,0.0,,,,
test/distributed/checkpoint/test_fsdp_optim_state.py,2.0,2.0,0.0,0.0,,,,
test/distributed/checkpoint/test_fsdp_tp_checkpoint_conversion.py,1.0,1.0,0.0,0.0,,,,
test/distributed/checkpoint/test_fsspec.py,3.0,3.0,0.0,0.0,,,,
test/distributed/checkpoint/test_hf_safetensor_e2e.py,11.0,11.0,0.0,0.0,,,,
test/distributed/checkpoint/test_hf_storage.py,5.0,5.0,0.0,0.0,,,,
test/distributed/checkpoint/test_hsdp_checkpoint.py,4.0,4.0,0.0,0.0,,,,
test/distributed/checkpoint/test_nested_dict.py,2.0,2.0,0.0,0.0,,,,
test/distributed/checkpoint/test_pg_transport.py,21.0,21.0,0.0,0.0,,,,
test/distributed/checkpoint/test_planner.py,15.0,15.0,0.0,0.0,,,,
test/distributed/checkpoint/test_quantized_hf_storage.py,2.0,2.0,0.0,0.0,,,,
test/distributed/checkpoint/test_save_load_api.py,2.0,2.0,0.0,0.0,,,,
test/distributed/checkpoint/test_state_dict.py,25.0,25.0,0.0,0.0,,,,
test/distributed/checkpoint/test_state_dict_stager.py,14.0,14.0,0.0,0.0,,,,
test/distributed/checkpoint/test_state_dict_utils.py,7.0,7.0,0.0,0.0,,,,
test/distributed/checkpoint/test_tp_checkpoint.py,2.0,2.0,0.0,0.0,,,,
test/distributed/checkpoint/test_traverse.py,7.0,7.0,0.0,0.0,,,,
test/distributed/checkpoint/test_utils.py,16.0,16.0,0.0,0.0,,,,
test/distributed/elastic/events/lib_test.py,8.0,8.0,0.0,0.0,,,,
test/distributed/elastic/metrics/api_test.py,3.0,3.0,0.0,0.0,,,,
test/distributed/elastic/multiprocessing/api_test.py,25.0,23.0,2.0,0.0,,,,
test/distributed/elastic/multiprocessing/test_api.py,7.0,7.0,0.0,0.0,,,,
test/distributed/elastic/test_control_plane.py,9.0,9.0,0.0,0.0,,,,
test/distributed/elastic/timer/local_timer_example.py,2.0,2.0,0.0,0.0,,,,
test/distributed/elastic/timer/local_timer_test.py,14.0,14.0,0.0,0.0,,,,
test/distributed/elastic/utils/distributed_test.py,8.0,8.0,0.0,0.0,,,,
test/distributed/elastic/utils/logging_test.py,2.0,2.0,0.0,0.0,,,,
test/distributed/elastic/utils/util_test.py,12.0,12.0,0.0,0.0,,,,
test/distributed/flight_recorder/test_fr_analysis.py,4.0,4.0,0.0,0.0,,,,
test/distributed/fsdp/test_checkpoint_wrapper.py,8.0,7.0,1.0,0.0,,,,
test/distributed/fsdp/test_distributed_checkpoint.py,2.0,2.0,0.0,0.0,,,,
test/distributed/fsdp/test_fsdp_apply.py,3.0,3.0,0.0,0.0,,,,
test/distributed/fsdp/test_fsdp_backward_prefetch.py,1.0,1.0,0.0,0.0,,,,
test/distributed/fsdp/test_fsdp_checkpoint.py,17.0,17.0,0.0,0.0,,,,
test/distributed/fsdp/test_fsdp_clip_grad_norm.py,4.0,4.0,0.0,0.0,,,,
test/distributed/fsdp/test_fsdp_comm.py,10.0,10.0,0.0,0.0,,,,
test/distributed/fsdp/test_fsdp_comm_hooks.py,28.0,28.0,0.0,0.0,,,,
test/distributed/fsdp/test_fsdp_core.py,60.0,60.0,0.0,0.0,,,,
test/distributed/fsdp/test_fsdp_dtensor_state_dict.py,15.0,15.0,0.0,0.0,,,,
test/distributed/fsdp/test_fsdp_exec_order.py,8.0,8.0,0.0,0.0,,,,
test/distributed/fsdp/test_fsdp_fine_tune.py,4.0,4.0,0.0,0.0,,,,
test/distributed/fsdp/test_fsdp_flatten_params.py,14.0,14.0,0.0,0.0,,,,
test/distributed/fsdp/test_fsdp_freezing_weights.py,32.0,32.0,0.0,0.0,,,,
test/distributed/fsdp/test_fsdp_fx.py,1.0,1.0,0.0,0.0,,,,
test/distributed/fsdp/test_fsdp_grad_acc.py,6.0,6.0,0.0,0.0,,,,
test/distributed/fsdp/test_fsdp_hybrid_shard.py,6.0,6.0,0.0,0.0,,,,
test/distributed/fsdp/test_fsdp_ignored_modules.py,8.0,8.0,0.0,0.0,,,,
test/distributed/fsdp/test_fsdp_input.py,2.0,2.0,0.0,0.0,,,,
test/distributed/fsdp/test_fsdp_memory.py,2.0,2.0,0.0,0.0,,,,
test/distributed/fsdp/test_fsdp_meta.py,15.0,8.0,7.0,0.0,,,,
test/distributed/fsdp/test_fsdp_misc.py,28.0,26.0,2.0,0.0,,,,
test/distributed/fsdp/test_fsdp_mixed_precision.py,66.0,65.0,1.0,0.0,,,,
test/distributed/fsdp/test_fsdp_multiple_forward.py,0.0,0.0,0.0,0.0,,,,
test/distributed/fsdp/test_fsdp_multiple_wrapping.py,1.0,1.0,0.0,0.0,,,,
test/distributed/fsdp/test_fsdp_optim_state.py,60.0,60.0,0.0,0.0,,,,
test/distributed/fsdp/test_fsdp_overlap.py,1.0,1.0,0.0,0.0,,,,
test/distributed/fsdp/test_fsdp_pure_fp16.py,2.0,2.0,0.0,0.0,,,,
test/distributed/fsdp/test_fsdp_sharded_grad_scaler.py,20.0,20.0,0.0,0.0,,,,
test/distributed/fsdp/test_fsdp_state_dict.py,179.0,179.0,0.0,0.0,,,,
test/distributed/fsdp/test_fsdp_tp_integration.py,3.0,3.0,0.0,0.0,,,,
test/distributed/fsdp/test_fsdp_traversal.py,1.0,1.0,0.0,0.0,,,,
test/distributed/fsdp/test_fsdp_uneven.py,1.0,1.0,0.0,0.0,,,,
test/distributed/fsdp/test_fsdp_unshard_params.py,15.0,15.0,0.0,0.0,,,,
test/distributed/fsdp/test_fsdp_use_orig_params.py,25.0,25.0,0.0,0.0,,,,
test/distributed/fsdp/test_hsdp_dtensor_state_dict.py,8.0,8.0,0.0,0.0,,,,
test/distributed/fsdp/test_shard_utils.py,2.0,2.0,0.0,0.0,,,,
test/distributed/fsdp/test_utils.py,5.0,5.0,0.0,0.0,,,,
test/distributed/fsdp/test_wrap.py,52.0,52.0,0.0,0.0,,,,
test/distributed/launcher/test_api.py,2.0,2.0,0.0,0.0,,,,
test/distributed/launcher/test_run.py,25.0,25.0,0.0,0.0,,,,
test/distributed/nn/jit/test_instantiator.py,3.0,3.0,0.0,0.0,,,,
test/distributed/optim/test_zero_redundancy_optimizer.py,42.0,42.0,0.0,0.0,,,,
test/distributed/pipelining/test_backward.py,5.0,5.0,0.0,0.0,,,,
test/distributed/pipelining/test_microbatch.py,5.0,5.0,0.0,0.0,,,,
test/distributed/pipelining/test_pipe.py,3.0,3.0,0.0,0.0,,,,
test/distributed/pipelining/test_schedule.py,41.0,41.0,0.0,0.0,,,,
test/distributed/pipelining/test_schedule_multiproc.py,29.0,29.0,0.0,0.0,,,,
test/distributed/pipelining/test_stage.py,8.0,8.0,0.0,0.0,,,,
test/distributed/pipelining/test_transformer.py,1.0,1.0,0.0,0.0,,,,
test/distributed/pipelining/test_unflatten.py,1.0,1.0,0.0,0.0,,,,
test/distributed/rpc/cuda/test_tensorpipe_agent.py,99.0,97.0,2.0,0.0,,,,
test/distributed/rpc/test_share_memory.py,1.0,1.0,0.0,0.0,,,,
test/distributed/tensor/debug/test_comm_mode.py,4.0,4.0,0.0,0.0,,,,
test/distributed/tensor/debug/test_comm_mode_features.py,4.0,4.0,0.0,0.0,,,,
test/distributed/tensor/debug/test_debug_mode.py,14.0,13.0,1.0,0.0,,,,
test/distributed/tensor/debug/test_op_coverage.py,1.0,1.0,0.0,0.0,,,,
test/distributed/tensor/experimental/test_local_map.py,6.0,6.0,0.0,0.0,,,,
test/distributed/tensor/experimental/test_register_sharding.py,2.0,2.0,0.0,0.0,,,,
test/distributed/tensor/experimental/test_tp_transform.py,3.0,3.0,0.0,0.0,,,,
test/distributed/tensor/parallel/test_micro_pipeline_tp.py,44.0,44.0,0.0,0.0,,,,
test/distributed/tensor/parallel/test_parallelize_api.py,16.0,16.0,0.0,0.0,,,,
test/distributed/tensor/parallel/test_tp_examples.py,16.0,16.0,0.0,0.0,,,,
test/distributed/tensor/parallel/test_tp_random_state.py,1.0,1.0,0.0,0.0,,,,
test/distributed/tensor/parallel/test_tp_style.py,9.0,9.0,0.0,0.0,,,,
test/distributed/tensor/test_api.py,9.0,9.0,0.0,0.0,,,,
test/distributed/tensor/test_attention.py,6.0,6.0,0.0,0.0,,,,
test/distributed/tensor/test_common_rules.py,10.0,10.0,0.0,0.0,,,,
test/distributed/tensor/test_convolution_ops.py,5.0,5.0,0.0,0.0,,,,
test/distributed/tensor/test_dtensor.py,84.0,73.0,11.0,0.0,,,,
test/distributed/tensor/test_dtensor_compile.py,44.0,42.0,2.0,0.0,,,,
test/distributed/tensor/test_dtensor_dispatch_overhead.py,1.0,1.0,0.0,0.0,,,,
test/distributed/tensor/test_dtensor_export.py,6.0,5.0,1.0,0.0,,,,
test/distributed/tensor/test_dtensor_ops.py,0.0,0.0,0.0,0.0,,,,
test/distributed/tensor/test_dtensor_testbase.py,1.0,1.0,0.0,0.0,,,,
test/distributed/tensor/test_dynamic.py,2.0,2.0,0.0,0.0,,,,
test/distributed/tensor/test_embedding_ops.py,4.0,4.0,0.0,0.0,,,,
test/distributed/tensor/test_experimental_ops.py,3.0,3.0,0.0,0.0,,,,
test/distributed/tensor/test_init.py,7.0,7.0,0.0,0.0,,,,
test/distributed/tensor/test_math_ops.py,21.0,21.0,0.0,0.0,,,,
test/distributed/tensor/test_matrix_ops.py,15.0,15.0,0.0,0.0,,,,
test/distributed/tensor/test_op_schema.py,2.0,2.0,0.0,0.0,,,,
test/distributed/tensor/test_op_strategy.py,20.0,20.0,0.0,0.0,,,,
test/distributed/tensor/test_optimizers.py,12.0,12.0,0.0,0.0,,,,
test/distributed/tensor/test_pointwise_ops.py,7.0,6.0,1.0,0.0,,,,
test/distributed/tensor/test_random_ops.py,13.0,13.0,0.0,0.0,,,,
test/distributed/tensor/test_redistribute.py,29.0,28.0,1.0,0.0,,,,
test/distributed/tensor/test_tensor_ops.py,60.0,60.0,0.0,0.0,,,,
test/distributed/tensor/test_utils.py,21.0,21.0,0.0,0.0,,,,
test/distributed/tensor/test_view_ops.py,14.0,13.0,1.0,0.0,,,,
test/distributed/tensor/test_xla_integration.py,3.0,0.0,3.0,0.0,,,,
test/distributed/test_aten_comm_compute_reordering.py,21.0,19.0,2.0,0.0,,,,
test/distributed/test_backends.py,2.0,2.0,0.0,0.0,,,,
test/distributed/test_c10d_common.py,27.0,27.0,0.0,0.0,,,,
test/distributed/test_c10d_functional_native.py,32.0,31.0,1.0,0.0,,,,
test/distributed/test_c10d_gloo.py,246.0,243.0,3.0,0.0,,,,
test/distributed/test_c10d_logger.py,2.0,2.0,0.0,0.0,,,,
test/distributed/test_c10d_nccl.py,227.0,221.0,6.0,0.0,,,,
test/distributed/test_c10d_object_collectives.py,9.0,9.0,0.0,0.0,,,,
test/distributed/test_c10d_ops_nccl.py,30.0,28.0,2.0,0.0,,,,
test/distributed/test_c10d_pypg.py,48.0,48.0,0.0,0.0,,,,
test/distributed/test_c10d_spawn_gloo.py,11.0,11.0,0.0,0.0,,,,
test/distributed/test_c10d_spawn_nccl.py,10.0,10.0,0.0,0.0,,,,
test/distributed/test_c10d_spawn_ucc.py,6.0,0.0,6.0,0.0,,,,
test/distributed/test_collective_utils.py,9.0,9.0,0.0,0.0,,,,
test/distributed/test_composability.py,13.0,13.0,0.0,0.0,,,,
test/distributed/test_compute_comm_reordering.py,8.0,8.0,0.0,0.0,,,,
test/distributed/test_control_collectives.py,13.0,13.0,0.0,0.0,,,,
test/distributed/test_cupy_as_tensor.py,1.0,0.0,1.0,0.0,,,,
test/distributed/test_data_parallel.py,46.0,46.0,0.0,0.0,,,,
test/distributed/test_device_mesh.py,64.0,64.0,0.0,0.0,,,,
test/distributed/test_dist2.py,34.0,22.0,12.0,0.0,,,,
test/distributed/test_distributed_spawn.py,280.0,252.0,28.0,0.0,,,,
test/distributed/test_dynamo_distributed.py,60.0,52.0,8.0,0.0,,,,
test/distributed/test_fake_pg.py,16.0,16.0,0.0,0.0,,,,
test/distributed/test_functional_api.py,11.0,11.0,0.0,0.0,,,,
test/distributed/test_inductor_collectives.py,64.0,64.0,0.0,0.0,,,,
test/distributed/test_launcher.py,1.0,1.0,0.0,0.0,,,,
test/distributed/test_local_tensor.py,17.0,17.0,0.0,0.0,,,,
test/distributed/test_multi_threaded_pg.py,22.0,22.0,0.0,0.0,,,,
test/distributed/test_nccl.py,13.0,13.0,0.0,0.0,,,,
test/distributed/test_nvshmem.py,45.0,45.0,0.0,0.0,,,,
test/distributed/test_nvshmem_triton.py,37.0,0.0,37.0,0.0,,,,
test/distributed/test_p2p_ipc.py,1.0,1.0,0.0,0.0,,,,
test/distributed/test_pg_wrapper.py,17.0,17.0,0.0,0.0,,,,
test/distributed/test_run.py,4.0,4.0,0.0,0.0,,,,
test/distributed/test_serialization.py,11.0,11.0,0.0,0.0,,,,
test/distributed/test_store.py,120.0,108.0,12.0,0.0,,,,
test/distributed/test_symmetric_memory.py,96.0,41.0,55.0,0.0,,,,
test/distributions/test_distributions.py,230.0,230.0,0.0,0.0,230.0,228.0,2.0,0.0
test/dynamo/test_activation_checkpointing.py,35.0,31.0,4.0,0.0,0.0,0.0,0.0,0.0
test/dynamo/test_after_aot.py,2.0,2.0,0.0,0.0,2.0,2.0,0.0,0.0
test/dynamo/test_aot_autograd.py,50.0,49.0,1.0,0.0,50.0,49.0,1.0,0.0
test/dynamo/test_aot_autograd_cache.py,102.0,83.0,19.0,0.0,102.0,66.0,36.0,0.0
test/dynamo/test_aot_compile.py,13.0,13.0,0.0,0.0,13.0,13.0,0.0,0.0
test/dynamo/test_autograd_function.py,40.0,40.0,0.0,0.0,40.0,40.0,0.0,0.0
test/dynamo/test_backends.py,21.0,17.0,4.0,0.0,9.0,8.0,1.0,0.0
test/dynamo/test_backward_higher_order_ops.py,7.0,7.0,0.0,0.0,7.0,7.0,0.0,0.0
test/dynamo/test_base_hop.py,11.0,11.0,0.0,0.0,11.0,11.0,0.0,0.0
test/dynamo/test_base_output.py,6.0,0.0,6.0,0.0,6.0,0.0,6.0,0.0
test/dynamo/test_buffers_override.py,2.0,2.0,0.0,0.0,2.0,2.0,0.0,0.0
test/dynamo/test_bytecode_utils.py,20.0,8.0,12.0,0.0,20.0,8.0,12.0,0.0
test/dynamo/test_callback.py,4.0,4.0,0.0,0.0,4.0,4.0,0.0,0.0
test/dynamo/test_compile.py,18.0,18.0,0.0,0.0,18.0,18.0,0.0,0.0
test/dynamo/test_compiler_bisector.py,8.0,6.0,2.0,0.0,8.0,0.0,8.0,0.0
test/dynamo/test_comptime.py,12.0,12.0,0.0,0.0,12.0,12.0,0.0,0.0
test/dynamo/test_config.py,5.0,5.0,0.0,0.0,5.0,5.0,0.0,0.0
test/dynamo/test_ctx_manager.py,101.0,98.0,3.0,0.0,101.0,81.0,20.0,0.0
test/dynamo/test_cudagraphs.py,8.0,8.0,0.0,0.0,,,,
test/dynamo/test_cudagraphs_expandable_segments.py,8.0,8.0,0.0,0.0,,,,
test/dynamo/test_debug_utils.py,4.0,4.0,0.0,0.0,0.0,0.0,0.0,0.0
test/dynamo/test_decorators.py,70.0,68.0,2.0,0.0,70.0,68.0,2.0,0.0
test/dynamo/test_deque_reconstruct.py,3.0,3.0,0.0,0.0,3.0,3.0,0.0,0.0
test/dynamo/test_deviceguard.py,4.0,3.0,1.0,0.0,4.0,2.0,2.0,0.0
test/dynamo/test_dicts.py,127.0,124.0,3.0,0.0,127.0,124.0,3.0,0.0
test/dynamo/test_dynamic_shapes.py,1938.0,1888.0,50.0,0.0,1938.0,1865.0,73.0,0.0
test/dynamo/test_einops.py,3.0,0.0,3.0,0.0,3.0,0.0,3.0,0.0
test/dynamo/test_error_messages.py,43.0,41.0,2.0,0.0,43.0,41.0,2.0,0.0
test/dynamo/test_exc.py,10.0,10.0,0.0,0.0,10.0,10.0,0.0,0.0
test/dynamo/test_exceptions.py,49.0,49.0,0.0,0.0,50.0,50.0,0.0,0.0
test/dynamo/test_export.py,187.0,183.0,4.0,0.0,184.0,180.0,4.0,0.0
test/dynamo/test_export_mutations.py,5.0,5.0,0.0,0.0,5.0,5.0,0.0,0.0
test/dynamo/test_fake_distributed.py,2.0,2.0,0.0,0.0,2.0,2.0,0.0,0.0
test/dynamo/test_flat_apply.py,4.0,4.0,0.0,0.0,4.0,4.0,0.0,0.0
test/dynamo/test_frame_init.py,1.0,1.0,0.0,0.0,1.0,1.0,0.0,0.0
test/dynamo/test_functions.py,471.0,467.0,4.0,0.0,471.0,465.0,6.0,0.0
test/dynamo/test_fx_annotate.py,5.0,5.0,0.0,0.0,5.0,4.0,1.0,0.0
test/dynamo/test_fx_graph_runnable.py,15.0,11.0,4.0,0.0,15.0,11.0,4.0,0.0
test/dynamo/test_fx_passes_pre_grad.py,1.0,1.0,0.0,0.0,1.0,1.0,0.0,0.0
test/dynamo/test_generator.py,78.0,75.0,3.0,0.0,78.0,75.0,3.0,0.0
test/dynamo/test_global.py,12.0,12.0,0.0,0.0,12.0,12.0,0.0,0.0
test/dynamo/test_graph_deduplication.py,18.0,18.0,0.0,0.0,18.0,18.0,0.0,0.0
test/dynamo/test_graph_region_tracker.py,13.0,13.0,0.0,0.0,13.0,13.0,0.0,0.0
test/dynamo/test_guard_manager.py,38.0,38.0,0.0,0.0,38.0,37.0,1.0,0.0
test/dynamo/test_guard_serialization.py,54.0,53.0,1.0,0.0,54.0,52.0,2.0,0.0
test/dynamo/test_higher_order_ops.py,229.0,227.0,2.0,0.0,217.0,210.0,7.0,0.0
test/dynamo/test_hooks.py,34.0,34.0,0.0,0.0,34.0,34.0,0.0,0.0
test/dynamo/test_inline_and_install.py,184.0,180.0,4.0,0.0,184.0,180.0,4.0,0.0
test/dynamo/test_input_attr_tracking.py,12.0,12.0,0.0,0.0,12.0,12.0,0.0,0.0
test/dynamo/test_install_free_tensors.py,25.0,24.0,1.0,0.0,25.0,24.0,1.0,0.0
test/dynamo/test_interop.py,5.0,5.0,0.0,0.0,5.0,5.0,0.0,0.0
test/dynamo/test_list.py,39.0,39.0,0.0,0.0,39.0,39.0,0.0,0.0
test/dynamo/test_logging.py,51.0,46.0,5.0,0.0,51.0,43.0,8.0,0.0
test/dynamo/test_metrics_context.py,9.0,9.0,0.0,0.0,9.0,9.0,0.0,0.0
test/dynamo/test_minifier.py,15.0,14.0,1.0,0.0,15.0,14.0,1.0,0.0
test/dynamo/test_misc.py,621.0,606.0,15.0,0.0,621.0,602.0,19.0,0.0
test/dynamo/test_model_output.py,18.0,0.0,18.0,0.0,18.0,0.0,18.0,0.0
test/dynamo/test_modes.py,28.0,28.0,0.0,0.0,28.0,26.0,2.0,0.0
test/dynamo/test_modules.py,134.0,134.0,0.0,0.0,134.0,134.0,0.0,0.0
test/dynamo/test_nested_graph_breaks.py,16.0,16.0,0.0,0.0,16.0,16.0,0.0,0.0
test/dynamo/test_nops.py,4.0,4.0,0.0,0.0,4.0,4.0,0.0,0.0
test/dynamo/test_optimizers.py,3.0,3.0,0.0,0.0,3.0,3.0,0.0,0.0
test/dynamo/test_package.py,50.0,33.0,17.0,0.0,50.0,33.0,17.0,0.0
test/dynamo/test_pgo.py,11.0,11.0,0.0,0.0,11.0,11.0,0.0,0.0
test/dynamo/test_pre_dispatch.py,3.0,3.0,0.0,0.0,3.0,3.0,0.0,0.0
test/dynamo/test_precompile_context.py,3.0,3.0,0.0,0.0,3.0,3.0,0.0,0.0
test/dynamo/test_profiler.py,10.0,10.0,0.0,0.0,10.0,10.0,0.0,0.0
test/dynamo/test_python_autograd.py,5.0,5.0,0.0,0.0,5.0,5.0,0.0,0.0
test/dynamo/test_python_dispatcher.py,6.0,6.0,0.0,0.0,6.0,6.0,0.0,0.0
test/dynamo/test_recompile_ux.py,10.0,10.0,0.0,0.0,10.0,10.0,0.0,0.0
test/dynamo/test_recompiles.py,18.0,18.0,0.0,0.0,18.0,18.0,0.0,0.0
test/dynamo/test_reconstruct.py,16.0,14.0,2.0,0.0,16.0,14.0,2.0,0.0
test/dynamo/test_regional_inductor.py,6.0,6.0,0.0,0.0,6.0,4.0,2.0,0.0
test/dynamo/test_reorder_logs.py,14.0,14.0,0.0,0.0,14.0,14.0,0.0,0.0
test/dynamo/test_repros.py,343.0,323.0,20.0,0.0,319.0,296.0,23.0,0.0
test/dynamo/test_resume.py,1.0,1.0,0.0,0.0,1.0,1.0,0.0,0.0
test/dynamo/test_sdpa.py,6.0,6.0,0.0,0.0,6.0,6.0,0.0,0.0
test/dynamo/test_sets.py,124.0,123.0,1.0,0.0,124.0,123.0,1.0,0.0
test/dynamo/test_skip_guard_eval_unsafe.py,5.0,5.0,0.0,0.0,5.0,5.0,0.0,0.0
test/dynamo/test_skip_non_tensor.py,8.0,8.0,0.0,0.0,8.0,8.0,0.0,0.0
test/dynamo/test_sources.py,3.0,3.0,0.0,0.0,3.0,3.0,0.0,0.0
test/dynamo/test_structured_trace.py,29.0,28.0,1.0,0.0,29.0,22.0,7.0,0.0
test/dynamo/test_subclasses.py,125.0,120.0,5.0,0.0,125.0,119.0,6.0,0.0
test/dynamo/test_subgraphs.py,44.0,44.0,0.0,0.0,44.0,44.0,0.0,0.0
test/dynamo/test_torchrec.py,0.0,0.0,0.0,0.0,0.0,0.0,0.0,0.0
test/dynamo/test_trace_rules.py,7.0,6.0,1.0,0.0,7.0,6.0,1.0,0.0
test/dynamo/test_unittest.py,1.0,1.0,0.0,0.0,1.0,1.0,0.0,0.0
test/dynamo/test_unspec.py,51.0,49.0,2.0,0.0,51.0,48.0,3.0,0.0
test/dynamo/test_utils.py,17.0,17.0,0.0,0.0,17.0,17.0,0.0,0.0
test/dynamo/test_verify_correctness.py,4.0,4.0,0.0,0.0,4.0,4.0,0.0,0.0
test/dynamo/test_view.py,6.0,6.0,0.0,0.0,6.0,6.0,0.0,0.0
test/export/test_converter.py,48.0,48.0,0.0,0.0,48.0,47.0,1.0,0.0
test/export/test_cpp_serdes.py,425.0,418.0,7.0,0.0,425.0,413.0,12.0,0.0
test/export/test_db.py,36.0,36.0,0.0,0.0,36.0,36.0,0.0,0.0
test/export/test_draft_export.py,21.0,21.0,0.0,0.0,21.0,19.0,2.0,0.0
test/export/test_dynamic_shapes.py,2.0,2.0,0.0,0.0,2.0,2.0,0.0,0.0
test/export/test_experimental.py,10.0,10.0,0.0,0.0,10.0,10.0,0.0,0.0
test/export/test_export.py,464.0,457.0,7.0,0.0,464.0,450.0,14.0,0.0
test/export/test_export_opinfo.py,9.0,9.0,0.0,0.0,0.0,0.0,0.0,0.0
test/export/test_export_strict.py,434.0,428.0,6.0,0.0,434.0,423.0,11.0,0.0
test/export/test_export_training_ir_to_run_decomp.py,868.0,855.0,13.0,0.0,868.0,845.0,23.0,0.0
test/export/test_export_with_inline_and_install.py,434.0,428.0,6.0,0.0,434.0,423.0,11.0,0.0
test/export/test_functionalized_assertions.py,2.0,2.0,0.0,0.0,2.0,2.0,0.0,0.0
test/export/test_hop.py,44.0,28.0,16.0,0.0,0.0,0.0,0.0,0.0
test/export/test_lift_unlift.py,5.0,5.0,0.0,0.0,5.0,5.0,0.0,0.0
test/export/test_nativert.py,6.0,0.0,6.0,0.0,,,,
test/export/test_package.py,4.0,4.0,0.0,0.0,4.0,4.0,0.0,0.0
test/export/test_pass_infra.py,5.0,5.0,0.0,0.0,5.0,5.0,0.0,0.0
test/export/test_passes.py,28.0,26.0,2.0,0.0,28.0,22.0,6.0,0.0
test/export/test_retraceability.py,868.0,851.0,17.0,0.0,868.0,841.0,27.0,0.0
test/export/test_schema.py,5.0,5.0,0.0,0.0,5.0,5.0,0.0,0.0
test/export/test_serdes.py,868.0,839.0,29.0,0.0,868.0,829.0,39.0,0.0
test/export/test_serialize.py,115.0,114.0,1.0,0.0,115.0,112.0,3.0,0.0
test/export/test_sparse.py,203.0,203.0,0.0,0.0,203.0,203.0,0.0,0.0
test/export/test_strict_export_v2.py,434.0,428.0,6.0,0.0,434.0,423.0,11.0,0.0
test/export/test_swap.py,20.0,18.0,2.0,0.0,20.0,18.0,2.0,0.0
test/export/test_tools.py,2.0,2.0,0.0,0.0,2.0,2.0,0.0,0.0
test/export/test_torchbind.py,90.0,90.0,0.0,0.0,90.0,82.0,8.0,0.0
test/export/test_tree_utils.py,2.0,2.0,0.0,0.0,2.0,2.0,0.0,0.0
test/export/test_unflatten.py,28.0,28.0,0.0,0.0,28.0,28.0,0.0,0.0
test/export/test_unflatten_training_ir.py,28.0,28.0,0.0,0.0,28.0,28.0,0.0,0.0
test/export/test_upgrader.py,6.0,6.0,0.0,0.0,6.0,6.0,0.0,0.0
test/export/test_verifier.py,10.0,10.0,0.0,0.0,10.0,10.0,0.0,0.0
test/functorch/dim/test_getsetitem.py,19.0,19.0,0.0,0.0,19.0,19.0,0.0,0.0
test/functorch/dim/test_split.py,23.0,23.0,0.0,0.0,23.0,23.0,0.0,0.0
test/functorch/test_ac.py,9.0,9.0,0.0,0.0,,,,
test/functorch/test_ac_knapsack.py,15.0,15.0,0.0,0.0,15.0,15.0,0.0,0.0
test/functorch/test_ac_logging.py,4.0,4.0,0.0,0.0,4.0,4.0,0.0,0.0
test/functorch/test_aot_joint_with_descriptors.py,14.0,14.0,0.0,0.0,14.0,13.0,1.0,0.0
test/functorch/test_aotdispatch.py,537.0,513.0,24.0,0.0,537.0,480.0,57.0,0.0
test/functorch/test_control_flow.py,1949.0,1534.0,415.0,0.0,1949.0,355.0,1594.0,0.0
test/functorch/test_dims.py,68.0,65.0,3.0,0.0,68.0,65.0,3.0,0.0
test/functorch/test_eager_transforms.py,360.0,357.0,3.0,0.0,29.0,29.0,0.0,0.0
test/functorch/test_logging.py,1.0,1.0,0.0,0.0,1.0,1.0,0.0,0.0
test/functorch/test_memory_efficient_fusion.py,22.0,22.0,0.0,0.0,22.0,15.0,7.0,0.0
test/functorch/test_minifier.py,5.0,5.0,0.0,0.0,5.0,5.0,0.0,0.0
test/functorch/test_ops.py,10221.0,7345.0,2876.0,0.0,0.0,0.0,0.0,0.0
test/functorch/test_parsing.py,12.0,12.0,0.0,0.0,12.0,12.0,0.0,0.0
test/functorch/test_rearrange.py,10.0,10.0,0.0,0.0,10.0,10.0,0.0,0.0
test/functorch/test_vmap.py,2140.0,1797.0,343.0,0.0,231.0,223.0,8.0,0.0
test/functorch/test_vmap_registrations.py,1723.0,1543.0,180.0,0.0,1723.0,1543.0,180.0,0.0
test/higher_order_ops/test_invoke_quant.py,14.0,14.0,0.0,0.0,14.0,13.0,1.0,0.0
test/higher_order_ops/test_invoke_subgraph.py,69.0,68.0,1.0,0.0,69.0,66.0,3.0,0.0
test/higher_order_ops/test_local_map.py,10.0,10.0,0.0,0.0,10.0,10.0,0.0,0.0
test/higher_order_ops/test_with_effects.py,18.0,17.0,1.0,0.0,18.0,16.0,2.0,0.0
test/inductor/test_alignment.py,12.0,12.0,0.0,0.0,12.0,12.0,0.0,0.0
test/inductor/test_analysis.py,28.0,28.0,0.0,0.0,2.0,2.0,0.0,0.0
test/inductor/test_aot_inductor.py,913.0,438.0,475.0,0.0,913.0,432.0,481.0,0.0
test/inductor/test_aot_inductor_arrayref.py,302.0,125.0,177.0,0.0,302.0,123.0,179.0,0.0
test/inductor/test_aot_inductor_custom_ops.py,35.0,35.0,0.0,0.0,,,,
test/inductor/test_aot_inductor_package.py,88.0,65.0,23.0,0.0,88.0,54.0,34.0,0.0
test/inductor/test_aot_inductor_utils.py,0.0,0.0,0.0,0.0,0.0,0.0,0.0,0.0
test/inductor/test_aot_inductor_windows.py,1.0,0.0,1.0,0.0,1.0,0.0,1.0,0.0
test/inductor/test_async_compile.py,8.0,8.0,0.0,0.0,8.0,8.0,0.0,0.0
test/inductor/test_augmented_graph_helper.py,16.0,16.0,0.0,0.0,16.0,16.0,0.0,0.0
test/inductor/test_auto_functionalize.py,39.0,38.0,1.0,0.0,39.0,38.0,1.0,0.0
test/inductor/test_autoheuristic.py,0.0,0.0,0.0,0.0,0.0,0.0,0.0,0.0
test/inductor/test_b2b_gemm.py,0.0,0.0,0.0,0.0,0.0,0.0,0.0,0.0
test/inductor/test_benchmark_fusion.py,16.0,11.0,5.0,0.0,6.0,4.0,2.0,0.0
test/inductor/test_benchmarking.py,12.0,6.0,6.0,0.0,12.0,6.0,6.0,0.0
test/inductor/test_best_config.py,1.0,1.0,0.0,0.0,1.0,1.0,0.0,0.0
test/inductor/test_binary_folding.py,6.0,5.0,1.0,0.0,6.0,6.0,0.0,0.0
test/inductor/test_block_analysis.py,10.0,10.0,0.0,0.0,10.0,10.0,0.0,0.0
test/inductor/test_cache.py,725.0,725.0,0.0,0.0,725.0,725.0,0.0,0.0
test/inductor/test_caching.py,142.0,142.0,0.0,0.0,142.0,142.0,0.0,0.0
test/inductor/test_ck_backend.py,34.0,0.0,34.0,0.0,,,,
test/inductor/test_codecache.py,220.0,179.0,41.0,0.0,220.0,163.0,57.0,0.0
test/inductor/test_codegen_triton.py,1.0,1.0,0.0,0.0,1.0,1.0,0.0,0.0
test/inductor/test_combo_kernels.py,21.0,21.0,0.0,0.0,21.0,0.0,21.0,0.0
test/inductor/test_compile.py,9.0,9.0,0.0,0.0,9.0,9.0,0.0,0.0
test/inductor/test_compile_subprocess.py,880.0,847.0,33.0,0.0,862.0,803.0,59.0,0.0
test/inductor/test_compile_worker.py,5.0,5.0,0.0,0.0,5.0,5.0,0.0,0.0
test/inductor/test_compiled_autograd.py,849.0,836.0,13.0,0.0,803.0,779.0,24.0,0.0
test/inductor/test_compiled_optimizers.py,682.0,677.0,5.0,0.0,560.0,556.0,4.0,0.0
test/inductor/test_config.py,14.0,14.0,0.0,0.0,14.0,14.0,0.0,0.0
test/inductor/test_control_deps.py,1.0,1.0,0.0,0.0,,,,
test/inductor/test_control_flow.py,739.0,737.0,2.0,0.0,641.0,638.0,3.0,0.0
test/inductor/test_cooperative_reductions.py,163.0,163.0,0.0,0.0,163.0,163.0,0.0,0.0
test/inductor/test_coordinate_descent_tuner.py,5.0,5.0,0.0,0.0,5.0,5.0,0.0,0.0
test/inductor/test_cpp_wrapper_hipify.py,3.0,3.0,0.0,0.0,3.0,3.0,0.0,0.0
test/inductor/test_cpu_repro.py,745.0,742.0,3.0,0.0,745.0,742.0,3.0,0.0
test/inductor/test_cpu_select_algorithm.py,0.0,0.0,0.0,0.0,0.0,0.0,0.0,0.0
test/inductor/test_cuda_repro.py,89.0,84.0,5.0,0.0,,,,
test/inductor/test_cuda_select_algorithm.py,58.0,58.0,0.0,0.0,0.0,0.0,0.0,0.0
test/inductor/test_cudacodecache.py,3.0,2.0,1.0,0.0,,,,
test/inductor/test_cudagraph_trees.py,163.0,155.0,8.0,0.0,,,,
test/inductor/test_cudagraph_trees_expandable_segments.py,149.0,144.0,5.0,0.0,,,,
test/inductor/test_custom_lowering.py,5.0,5.0,0.0,0.0,5.0,3.0,2.0,0.0
test/inductor/test_custom_partitioner_fn.py,1.0,1.0,0.0,0.0,1.0,1.0,0.0,0.0
test/inductor/test_custom_post_grad_passes.py,6.0,6.0,0.0,0.0,6.0,6.0,0.0,0.0
test/inductor/test_cutedsl_template.py,13.0,0.0,13.0,0.0,13.0,0.0,13.0,0.0
test/inductor/test_cutlass_backend.py,180.0,2.0,171.0,7.0,,,,
test/inductor/test_cutlass_evt.py,8.0,0.0,8.0,0.0,8.0,0.0,8.0,0.0
test/inductor/test_debug_trace.py,3.0,3.0,0.0,0.0,3.0,3.0,0.0,0.0
test/inductor/test_decompose_mem_bound_mm.py,37.0,35.0,2.0,0.0,37.0,0.0,37.0,0.0
test/inductor/test_dependencies.py,5.0,5.0,0.0,0.0,5.0,5.0,0.0,0.0
test/inductor/test_deterministic.py,7.0,7.0,0.0,0.0,,,,
test/inductor/test_device_assert.py,8.0,8.0,0.0,0.0,8.0,6.0,2.0,0.0
test/inductor/test_distributed_patterns.py,20.0,20.0,0.0,0.0,20.0,19.0,1.0,0.0
test/inductor/test_efficient_conv_bn_eval.py,2.0,0.0,2.0,0.0,2.0,1.0,1.0,0.0
test/inductor/test_extension_backend.py,1.0,0.0,1.0,0.0,1.0,0.0,1.0,0.0
test/inductor/test_external_callables.py,3.0,3.0,0.0,0.0,3.0,2.0,1.0,0.0
test/inductor/test_flex_attention.py,752.0,727.0,25.0,0.0,470.0,347.0,123.0,0.0
test/inductor/test_flex_decoding.py,576.0,573.0,3.0,0.0,514.0,511.0,3.0,0.0
test/inductor/test_flex_flash.py,34.0,0.0,34.0,0.0,0.0,0.0,0.0,0.0
test/inductor/test_foreach.py,534.0,518.0,16.0,0.0,348.0,332.0,16.0,0.0
test/inductor/test_fp8.py,241.0,62.0,179.0,0.0,337.0,62.0,275.0,0.0
test/inductor/test_fused_attention.py,108.0,106.0,2.0,0.0,108.0,104.0,4.0,0.0
test/inductor/test_fuzzer.py,11.0,10.0,1.0,0.0,11.0,10.0,1.0,0.0
test/inductor/test_fx_fusion.py,4.0,4.0,0.0,0.0,4.0,4.0,0.0,0.0
test/inductor/test_fxir_backend.py,62.0,62.0,0.0,0.0,62.0,46.0,16.0,0.0
test/inductor/test_gpu_cpp_wrapper.py,295.0,293.0,2.0,0.0,247.0,240.0,7.0,0.0
test/inductor/test_graph_transform_observer.py,1.0,1.0,0.0,0.0,1.0,1.0,0.0,0.0
test/inductor/test_group_batch_fusion.py,13.0,11.0,2.0,0.0,13.0,11.0,2.0,0.0
test/inductor/test_helion_kernels.py,2.0,0.0,2.0,0.0,2.0,0.0,2.0,0.0
test/inductor/test_indexing.py,22.0,22.0,0.0,0.0,22.0,22.0,0.0,0.0
test/inductor/test_inductor_annotations.py,2.0,2.0,0.0,0.0,2.0,0.0,2.0,0.0
test/inductor/test_inductor_freezing.py,48.0,45.0,2.0,1.0,48.0,44.0,4.0,0.0
test/inductor/test_inductor_scheduler.py,6.0,5.0,1.0,0.0,0.0,0.0,0.0,0.0
test/inductor/test_inductor_utils.py,2.0,2.0,0.0,0.0,,,,
test/inductor/test_inplace_padding.py,9.0,8.0,1.0,0.0,9.0,7.0,2.0,0.0
test/inductor/test_inplacing_pass.py,22.0,22.0,0.0,0.0,22.0,22.0,0.0,0.0
test/inductor/test_kernel_benchmark.py,18.0,17.0,1.0,0.0,18.0,17.0,1.0,0.0
test/inductor/test_kernel_optimization.py,1.0,1.0,0.0,0.0,1.0,1.0,0.0,0.0
test/inductor/test_layout_optim.py,0.0,0.0,0.0,0.0,0.0,0.0,0.0,0.0
test/inductor/test_loop_ordering.py,50.0,48.0,2.0,0.0,50.0,48.0,2.0,0.0
test/inductor/test_max_autotune.py,283.0,132.0,150.0,1.0,260.0,114.0,146.0,0.0
test/inductor/test_mem_estimation.py,4.0,4.0,0.0,0.0,4.0,4.0,0.0,0.0
test/inductor/test_memory.py,8.0,8.0,0.0,0.0,8.0,7.0,1.0,0.0
test/inductor/test_memory_planning.py,4.0,4.0,0.0,0.0,4.0,3.0,1.0,0.0
test/inductor/test_metrics.py,6.0,6.0,0.0,0.0,6.0,6.0,0.0,0.0
test/inductor/test_minifier.py,14.0,14.0,0.0,0.0,14.0,11.0,3.0,0.0
test/inductor/test_minifier_isolate.py,2.0,0.0,2.0,0.0,2.0,0.0,2.0,0.0
test/inductor/test_minifier_utils.py,3.0,3.0,0.0,0.0,3.0,3.0,0.0,0.0
test/inductor/test_mkldnn_pattern_matcher.py,280.0,218.0,62.0,0.0,295.0,285.0,10.0,0.0
test/inductor/test_mmdecomp.py,28.0,28.0,0.0,0.0,0.0,0.0,0.0,0.0
test/inductor/test_move_constructors_to_cuda.py,7.0,6.0,1.0,0.0,,,,
test/inductor/test_multi_kernel.py,19.0,19.0,0.0,0.0,19.0,13.0,6.0,0.0
test/inductor/test_native_matmul.py,8.0,8.0,0.0,0.0,,,,
test/inductor/test_needs_exact_strides.py,2.0,2.0,0.0,0.0,,,,
test/inductor/test_online_softmax.py,31.0,31.0,0.0,0.0,,,,
test/inductor/test_op_completeness.py,5.0,4.0,1.0,0.0,5.0,4.0,1.0,0.0
test/inductor/test_op_dtype_prop.py,567.0,567.0,0.0,0.0,567.0,567.0,0.0,0.0
test/inductor/test_ordered_set.py,401.0,386.0,15.0,0.0,401.0,386.0,15.0,0.0
test/inductor/test_pad_mm.py,19.0,19.0,0.0,0.0,,,,
test/inductor/test_padding.py,55.0,46.0,9.0,0.0,55.0,46.0,9.0,0.0
test/inductor/test_pattern_matcher.py,48.0,46.0,2.0,0.0,48.0,45.0,3.0,0.0
test/inductor/test_perf.py,66.0,66.0,0.0,0.0,,,,
test/inductor/test_profiler.py,7.0,7.0,0.0,0.0,,,,
test/inductor/test_provenance_tracing.py,11.0,11.0,0.0,0.0,11.0,5.0,6.0,0.0
test/inductor/test_quantization.py,2.0,2.0,0.0,0.0,2.0,2.0,0.0,0.0
test/inductor/test_remote_cache.py,3.0,3.0,0.0,0.0,3.0,3.0,0.0,0.0
test/inductor/test_scatter_optimization.py,8.0,8.0,0.0,0.0,8.0,8.0,0.0,0.0
test/inductor/test_segmented_tree.py,12.0,12.0,0.0,0.0,12.0,12.0,0.0,0.0
test/inductor/test_select_algorithm.py,23.0,23.0,0.0,0.0,23.0,21.0,2.0,0.0
test/inductor/test_snode_runtime.py,22.0,22.0,0.0,0.0,22.0,22.0,0.0,0.0
test/inductor/test_split_cat_fx_aten_passes.py,5.0,5.0,0.0,0.0,5.0,1.0,4.0,0.0
test/inductor/test_split_cat_fx_passes.py,11.0,11.0,0.0,0.0,11.0,11.0,0.0,0.0
test/inductor/test_static_cuda_launcher.py,17.0,17.0,0.0,0.0,17.0,0.0,17.0,0.0
test/inductor/test_subgraph_choice.py,2.0,2.0,0.0,0.0,2.0,0.0,2.0,0.0
test/inductor/test_template_heuristics_registry.py,5.0,5.0,0.0,0.0,5.0,5.0,0.0,0.0
test/inductor/test_torchbind.py,16.0,16.0,0.0,0.0,16.0,16.0,0.0,0.0
test/inductor/test_torchinductor.py,981.0,945.0,36.0,0.0,732.0,688.0,44.0,0.0
test/inductor/test_torchinductor_codegen_config_overrides.py,4.0,4.0,0.0,0.0,4.0,4.0,0.0,0.0
test/inductor/test_torchinductor_codegen_dynamic_shapes.py,1752.0,1396.0,356.0,0.0,1716.0,1314.0,402.0,0.0
test/inductor/test_torchinductor_dynamic_shapes.py,1817.0,1728.0,89.0,0.0,1781.0,1643.0,138.0,0.0
test/inductor/test_torchinductor_opinfo.py,3575.0,2986.0,589.0,0.0,3310.0,2790.0,520.0,0.0
test/inductor/test_torchinductor_strided_blocks.py,297.0,97.0,200.0,0.0,297.0,94.0,203.0,0.0
test/inductor/test_triton_extension_backend.py,0.0,0.0,0.0,0.0,0.0,0.0,0.0,0.0
test/inductor/test_triton_heuristics.py,12.0,10.0,2.0,0.0,12.0,2.0,10.0,0.0
test/inductor/test_triton_kernels.py,365.0,320.0,45.0,0.0,365.0,314.0,51.0,0.0
test/inductor/test_triton_syntax.py,1.0,1.0,0.0,0.0,1.0,1.0,0.0,0.0
test/inductor/test_triton_wrapper.py,1.0,1.0,0.0,0.0,1.0,1.0,0.0,0.0
test/inductor/test_unbacked_symints.py,32.0,32.0,0.0,0.0,32.0,29.0,3.0,0.0
test/inductor/test_utils.py,7.0,7.0,0.0,0.0,0.0,0.0,0.0,0.0
test/lazy/test_bindings.py,1.0,1.0,0.0,0.0,1.0,1.0,0.0,0.0
test/lazy/test_debug_util.py,1.0,1.0,0.0,0.0,1.0,1.0,0.0,0.0
test/lazy/test_functionalization.py,2.0,2.0,0.0,0.0,2.0,2.0,0.0,0.0
test/lazy/test_generator.py,2.0,2.0,0.0,0.0,2.0,2.0,0.0,0.0
test/lazy/test_reuse_ir.py,4.0,4.0,0.0,0.0,4.0,4.0,0.0,0.0
test/lazy/test_step_closures.py,4.0,4.0,0.0,0.0,4.0,4.0,0.0,0.0
test/lazy/test_ts_opinfo.py,5.0,4.0,1.0,0.0,5.0,4.0,1.0,0.0
test/nn/test_convolution.py,611.0,376.0,235.0,0.0,49.0,40.0,9.0,0.0
test/nn/test_dropout.py,9.0,9.0,0.0,0.0,4.0,3.0,1.0,0.0
test/nn/test_embedding.py,155.0,129.0,26.0,0.0,23.0,21.0,2.0,0.0
test/nn/test_init.py,30.0,29.0,1.0,0.0,30.0,29.0,1.0,0.0
test/nn/test_lazy_modules.py,59.0,59.0,0.0,0.0,59.0,58.0,1.0,0.0
test/nn/test_load_state_dict.py,27.0,27.0,0.0,0.0,27.0,27.0,0.0,0.0
test/nn/test_module_hooks.py,53.0,53.0,0.0,0.0,53.0,53.0,0.0,0.0
test/nn/test_multihead_attention.py,20.0,20.0,0.0,0.0,7.0,7.0,0.0,0.0
test/nn/test_packed_sequence.py,12.0,12.0,0.0,0.0,12.0,12.0,0.0,0.0
test/nn/test_parametrization.py,58.0,58.0,0.0,0.0,56.0,56.0,0.0,0.0
test/nn/test_pooling.py,146.0,123.0,23.0,0.0,22.0,18.0,4.0,0.0
test/nn/test_pruning.py,34.0,34.0,0.0,0.0,34.0,34.0,0.0,0.0
test/profiler/test_cpp_thread.py,6.0,3.0,3.0,0.0,,,,
test/profiler/test_execution_trace.py,13.0,13.0,0.0,0.0,,,,
test/profiler/test_kineto.py,1.0,0.0,1.0,0.0,1.0,0.0,1.0,0.0
test/profiler/test_memory_profiler.py,33.0,33.0,0.0,0.0,,,,
test/profiler/test_profiler.py,83.0,77.0,6.0,0.0,,,,
test/profiler/test_profiler_tree.py,10.0,3.0,7.0,0.0,,,,
test/profiler/test_python_tracer.py,3.0,1.0,2.0,0.0,3.0,1.0,2.0,0.0
test/profiler/test_record_function.py,6.0,6.0,0.0,0.0,,,,
test/profiler/test_torch_tidy.py,22.0,21.0,1.0,0.0,,,,
test/test_accelerator.py,11.0,8.0,3.0,0.0,11.0,8.0,3.0,0.0
test/test_ao_sparsity.py,88.0,88.0,0.0,0.0,88.0,88.0,0.0,0.0
test/test_appending_byte_serializer.py,3.0,3.0,0.0,0.0,3.0,3.0,0.0,0.0
test/test_autocast.py,20.0,17.0,3.0,0.0,20.0,14.0,6.0,0.0
test/test_autograd.py,654.0,639.0,15.0,0.0,,,,
test/test_autograd_fallback.py,28.0,28.0,0.0,0.0,,,,
test/test_autoload.py,1.0,1.0,0.0,0.0,1.0,1.0,0.0,0.0
test/test_binary_ufuncs.py,12857.0,12569.0,288.0,0.0,0.0,0.0,0.0,0.0
test/test_bundled_inputs.py,12.0,12.0,0.0,0.0,12.0,12.0,0.0,0.0
test/test_comparison_utils.py,7.0,7.0,0.0,0.0,7.0,6.0,1.0,0.0
test/test_compile_benchmark_util.py,1.0,1.0,0.0,0.0,1.0,0.0,1.0,0.0
test/test_complex.py,15.0,11.0,4.0,0.0,0.0,0.0,0.0,0.0
test/test_content_store.py,4.0,4.0,0.0,0.0,4.0,4.0,0.0,0.0
test/test_cpp_api_parity.py,488.0,446.0,42.0,0.0,488.0,227.0,261.0,0.0
test/test_cpp_extensions_aot_ninja.py,21.0,19.0,2.0,0.0,21.0,15.0,6.0,0.0
test/test_cpp_extensions_aot_no_ninja.py,21.0,18.0,3.0,0.0,21.0,14.0,7.0,0.0
test/test_cpp_extensions_jit.py,34.0,26.0,8.0,0.0,34.0,23.0,11.0,0.0
test/test_cpp_extensions_mtia_backend.py,5.0,0.0,5.0,0.0,5.0,0.0,5.0,0.0
test/test_cpp_extensions_stream_and_event.py,1.0,0.0,1.0,0.0,1.0,0.0,1.0,0.0
test/test_cuda.py,225.0,202.0,23.0,0.0,218.0,0.0,218.0,0.0
test/test_cuda_expandable_segments.py,175.0,150.0,25.0,0.0,,,,
test/test_cuda_multigpu.py,61.0,5.0,56.0,0.0,0.0,0.0,0.0,0.0
test/test_cuda_nvml_based_avail.py,9.0,9.0,0.0,0.0,,,,
test/test_cuda_primary_ctx.py,4.0,1.0,3.0,0.0,,,,
test/test_cuda_sanitizer.py,31.0,31.0,0.0,0.0,0.0,0.0,0.0,0.0
test/test_cuda_trace.py,12.0,12.0,0.0,0.0,,,,
test/test_custom_ops.py,282.0,276.0,6.0,0.0,282.0,266.0,16.0,0.0
test/test_dataloader.py,186.0,176.0,10.0,0.0,180.0,156.0,24.0,0.0
test/test_datapipe.py,93.0,86.0,7.0,0.0,93.0,86.0,7.0,0.0
test/test_decomp.py,9002.0,8219.0,783.0,0.0,3.0,3.0,0.0,0.0
test/test_dispatch.py,32.0,32.0,0.0,0.0,32.0,32.0,0.0,0.0
test/test_dlpack.py,154.0,138.0,16.0,0.0,0.0,0.0,0.0,0.0
test/test_dynamic_shapes.py,363.0,193.0,170.0,0.0,363.0,193.0,170.0,0.0
test/test_expanded_weights.py,220.0,204.0,16.0,0.0,0.0,0.0,0.0,0.0
test/test_extension_utils.py,2.0,2.0,0.0,0.0,2.0,2.0,0.0,0.0
test/test_fake_tensor.py,286.0,276.0,10.0,0.0,275.0,184.0,91.0,0.0
test/test_file_check.py,2.0,2.0,0.0,0.0,2.0,2.0,0.0,0.0
test/test_flop_counter.py,22.0,21.0,1.0,0.0,22.0,18.0,4.0,0.0
test/test_foreach.py,3577.0,3510.0,67.0,0.0,0.0,0.0,0.0,0.0
test/test_function_schema.py,15.0,15.0,0.0,0.0,15.0,15.0,0.0,0.0
test/test_functional_autograd_benchmark.py,2.0,1.0,1.0,0.0,2.0,1.0,1.0,0.0
test/test_functional_optim.py,4.0,4.0,0.0,0.0,4.0,4.0,0.0,0.0
test/test_functionalization.py,112.0,100.0,12.0,0.0,112.0,100.0,12.0,0.0
test/test_functionalization_of_rng_ops.py,10.0,10.0,0.0,0.0,0.0,0.0,0.0,0.0
test/test_futures.py,22.0,22.0,0.0,0.0,22.0,22.0,0.0,0.0
test/test_fx.py,1270.0,596.0,674.0,0.0,590.0,588.0,2.0,0.0
test/test_fx_experimental.py,724.0,52.0,672.0,0.0,50.0,50.0,0.0,0.0
test/test_fx_passes.py,53.0,53.0,0.0,0.0,53.0,53.0,0.0,0.0
test/test_fx_reinplace_pass.py,12.0,12.0,0.0,0.0,12.0,12.0,0.0,0.0
test/test_hop_infra.py,3.0,3.0,0.0,0.0,3.0,3.0,0.0,0.0
test/test_hub.py,20.0,19.0,1.0,0.0,20.0,19.0,1.0,0.0
test/test_import_stats.py,2.0,2.0,0.0,0.0,2.0,2.0,0.0,0.0
test/test_indexing.py,186.0,184.0,2.0,0.0,0.0,0.0,0.0,0.0
test/test_itt.py,1.0,1.0,0.0,0.0,1.0,1.0,0.0,0.0
test/test_jit.py,2288.0,2217.0,71.0,0.0,2281.0,2170.0,111.0,0.0
test/test_jit_autocast.py,54.0,47.0,7.0,0.0,54.0,9.0,45.0,0.0
test/test_jit_disabled.py,3.0,3.0,0.0,0.0,3.0,3.0,0.0,0.0
test/test_jit_fuser_te.py,6821.0,170.0,6651.0,0.0,209.0,162.0,47.0,0.0
test/test_jit_llga_fuser.py,107.0,1.0,106.0,0.0,52.0,51.0,1.0,0.0
test/test_jiterator.py,289.0,289.0,0.0,0.0,0.0,0.0,0.0,0.0
test/test_legacy_vmap.py,124.0,124.0,0.0,0.0,95.0,95.0,0.0,0.0
test/test_license.py,2.0,1.0,1.0,0.0,2.0,1.0,1.0,0.0
test/test_linalg.py,1255.0,651.0,604.0,0.0,0.0,0.0,0.0,0.0
test/test_logging.py,1.0,1.0,0.0,0.0,1.0,1.0,0.0,0.0
test/test_masked.py,194.0,130.0,64.0,0.0,0.0,0.0,0.0,0.0
test/test_maskedtensor.py,958.0,952.0,6.0,0.0,211.0,211.0,0.0,0.0
test/test_matmul_cuda.py,1197.0,1164.0,32.0,1.0,0.0,0.0,0.0,0.0
test/test_meta.py,40699.0,24417.0,16282.0,0.0,20.0,20.0,0.0,0.0
test/test_mkl_verbose.py,2.0,2.0,0.0,0.0,2.0,2.0,0.0,0.0
test/test_mkldnn.py,0.0,0.0,0.0,0.0,0.0,0.0,0.0,0.0
test/test_mkldnn_fusion.py,8.0,5.0,3.0,0.0,8.0,5.0,3.0,0.0
test/test_mkldnn_verbose.py,2.0,2.0,0.0,0.0,2.0,2.0,0.0,0.0
test/test_mobile_optimizer.py,7.0,7.0,0.0,0.0,7.0,7.0,0.0,0.0
test/test_model_exports_to_core_aten.py,1.0,0.0,1.0,0.0,1.0,0.0,1.0,0.0
test/test_module_tracker.py,3.0,3.0,0.0,0.0,3.0,3.0,0.0,0.0
test/test_modules.py,3605.0,3155.0,450.0,0.0,0.0,0.0,0.0,0.0
test/test_monitor.py,6.0,6.0,0.0,0.0,6.0,6.0,0.0,0.0
test/test_multiprocessing.py,42.0,39.0,3.0,0.0,42.0,23.0,19.0,0.0
test/test_multiprocessing_spawn.py,31.0,28.0,3.0,0.0,31.0,28.0,3.0,0.0
test/test_namedtensor.py,89.0,87.0,2.0,0.0,89.0,85.0,4.0,0.0
test/test_namedtuple_return_api.py,3.0,3.0,0.0,0.0,3.0,3.0,0.0,0.0
test/test_native_functions.py,11.0,11.0,0.0,0.0,11.0,11.0,0.0,0.0
test/test_native_mha.py,54.0,54.0,0.0,0.0,0.0,0.0,0.0,0.0
test/test_nestedtensor.py,1644.0,1430.0,214.0,0.0,53.0,53.0,0.0,0.0
test/test_nn.py,2433.0,1530.0,903.0,0.0,1062.0,562.0,500.0,0.0
test/test_numa_binding.py,19.0,19.0,0.0,0.0,19.0,19.0,0.0,0.0
test/test_numba_integration.py,8.0,4.0,4.0,0.0,8.0,0.0,8.0,0.0
test/test_numpy_interop.py,45.0,22.0,23.0,0.0,0.0,0.0,0.0,0.0
test/test_opaque_obj.py,7.0,7.0,0.0,0.0,7.0,7.0,0.0,0.0
test/test_opaque_obj_v2.py,1.0,1.0,0.0,0.0,1.0,1.0,0.0,0.0
test/test_openmp.py,2.0,2.0,0.0,0.0,2.0,2.0,0.0,0.0
test/test_ops.py,33605.0,28687.0,4918.0,0.0,23668.0,30.0,23638.0,0.0
test/test_ops_fwd_gradients.py,3195.0,1755.0,1440.0,0.0,0.0,0.0,0.0,0.0
test/test_ops_gradients.py,5391.0,1983.0,3408.0,0.0,0.0,0.0,0.0,0.0
test/test_ops_jit.py,1139.0,790.0,349.0,0.0,0.0,0.0,0.0,0.0
test/test_optim.py,1015.0,910.0,105.0,0.0,225.0,225.0,0.0,0.0
test/test_out_dtype_op.py,12.0,11.0,1.0,0.0,12.0,9.0,3.0,0.0
test/test_overrides.py,1480.0,1479.0,1.0,0.0,1480.0,1479.0,1.0,0.0
test/test_package.py,137.0,132.0,5.0,0.0,137.0,132.0,5.0,0.0
test/test_per_overload_api.py,3.0,3.0,0.0,0.0,3.0,3.0,0.0,0.0
test/test_prims.py,26.0,26.0,0.0,0.0,6.0,6.0,0.0,0.0
test/test_privateuseone_python_backend.py,2.0,2.0,0.0,0.0,2.0,2.0,0.0,0.0
test/test_proxy_tensor.py,173.0,172.0,1.0,0.0,173.0,166.0,7.0,0.0
test/test_pruning_op.py,2.0,2.0,0.0,0.0,2.0,2.0,0.0,0.0
test/test_public_bindings.py,4.0,4.0,0.0,0.0,4.0,4.0,0.0,0.0
test/test_python_dispatch.py,119.0,118.0,1.0,0.0,99.0,98.0,1.0,0.0
test/test_pytree.py,98.0,98.0,0.0,0.0,98.0,98.0,0.0,0.0
test/test_reductions.py,4757.0,4572.0,185.0,0.0,0.0,0.0,0.0,0.0
test/test_rename_privateuse1_to_existing_device.py,1.0,1.0,0.0,0.0,1.0,1.0,0.0,0.0
test/test_scaled_matmul_cuda.py,551.0,2.0,549.0,0.0,0.0,0.0,0.0,0.0
test/test_scatter_gather_ops.py,76.0,69.0,7.0,0.0,0.0,0.0,0.0,0.0
test/test_schema_check.py,5992.0,5862.0,130.0,0.0,36.0,36.0,0.0,0.0
test/test_segment_reductions.py,74.0,74.0,0.0,0.0,0.0,0.0,0.0,0.0
test/test_serialization.py,205.0,188.0,17.0,0.0,203.0,186.0,17.0,0.0
test/test_set_default_mobile_cpu_allocator.py,2.0,2.0,0.0,0.0,2.0,2.0,0.0,0.0
test/test_shape_ops.py,98.0,92.0,6.0,0.0,0.0,0.0,0.0,0.0
test/test_show_pickle.py,1.0,1.0,0.0,0.0,1.0,1.0,0.0,0.0
test/test_sort_and_select.py,111.0,103.0,8.0,0.0,0.0,0.0,0.0,0.0
test/test_sparse.py,3063.0,2664.0,399.0,0.0,43.0,41.0,2.0,0.0
test/test_sparse_csr.py,5020.0,4430.0,590.0,0.0,1.0,1.0,0.0,0.0
test/test_sparse_semi_structured.py,218.0,211.0,7.0,0.0,42.0,0.0,42.0,0.0
test/test_spectral_ops.py,347.0,347.0,0.0,0.0,0.0,0.0,0.0,0.0
test/test_stateless.py,50.0,46.0,4.0,0.0,50.0,46.0,4.0,0.0
test/test_subclass.py,100.0,93.0,7.0,0.0,100.0,93.0,7.0,0.0
test/test_sympy_utils.py,209.0,209.0,0.0,0.0,209.0,209.0,0.0,0.0
test/test_tensor_creation_ops.py,533.0,424.0,109.0,0.0,0.0,0.0,0.0,0.0
test/test_tensorboard.py,50.0,47.0,3.0,0.0,50.0,47.0,3.0,0.0
test/test_tensorexpr.py,74.0,71.0,3.0,0.0,74.0,70.0,4.0,0.0
test/test_tensorexpr_pybind.py,17.0,7.0,10.0,0.0,17.0,7.0,10.0,0.0
test/test_testing.py,2073.0,2038.0,35.0,0.0,108.0,101.0,7.0,0.0
test/test_torch.py,975.0,928.0,47.0,0.0,226.0,221.0,5.0,0.0
test/test_torchfuzz_repros.py,13.0,0.0,13.0,0.0,13.0,0.0,13.0,0.0
test/test_transformers.py,12384.0,5423.0,6961.0,0.0,237.0,237.0,0.0,0.0
test/test_type_hints.py,1.0,0.0,1.0,0.0,1.0,0.0,1.0,0.0
test/test_type_info.py,5.0,5.0,0.0,0.0,5.0,5.0,0.0,0.0
test/test_type_promotion.py,423.0,302.0,121.0,0.0,0.0,0.0,0.0,0.0
test/test_typing.py,18.0,16.0,2.0,0.0,18.0,16.0,2.0,0.0
test/test_unary_ufuncs.py,25072.0,24212.0,860.0,0.0,0.0,0.0,0.0,0.0
test/test_utils.py,6010.0,50.0,5960.0,0.0,47.0,41.0,6.0,0.0
test/test_utils_config_module.py,22.0,22.0,0.0,0.0,22.0,22.0,0.0,0.0
test/test_utils_filelock.py,2.0,2.0,0.0,0.0,2.0,2.0,0.0,0.0
test/test_varlen_attention.py,6.0,6.0,0.0,0.0,0.0,0.0,0.0,0.0
test/test_view_ops.py,279.0,267.0,12.0,0.0,0.0,0.0,0.0,0.0
test/test_vulkan.py,1.0,0.0,1.0,0.0,1.0,0.0,1.0,0.0
test/test_weak.py,39.0,39.0,0.0,0.0,39.0,39.0,0.0,0.0
test/test_xnnpack_integration.py,12.0,7.0,5.0,0.0,12.0,7.0,5.0,0.0
test/torch_np/numpy_tests/core/test_dlpack.py,53.0,0.0,53.0,0.0,53.0,0.0,53.0,0.0
test/torch_np/numpy_tests/core/test_dtype.py,102.0,30.0,72.0,0.0,102.0,30.0,72.0,0.0
test/torch_np/numpy_tests/core/test_einsum.py,50.0,33.0,17.0,0.0,50.0,33.0,17.0,0.0
test/torch_np/numpy_tests/core/test_getlimits.py,17.0,4.0,13.0,0.0,17.0,4.0,13.0,0.0
test/torch_np/numpy_tests/core/test_indexing.py,67.0,42.0,25.0,0.0,67.0,42.0,25.0,0.0
test/torch_np/numpy_tests/core/test_multiarray.py,864.0,387.0,477.0,0.0,864.0,387.0,477.0,0.0
test/torch_np/numpy_tests/core/test_numeric.py,273.0,180.0,93.0,0.0,273.0,180.0,93.0,0.0
test/torch_np/numpy_tests/core/test_numerictypes.py,34.0,27.0,7.0,0.0,34.0,27.0,7.0,0.0
test/torch_np/numpy_tests/core/test_scalar_ctors.py,65.0,63.0,2.0,0.0,65.0,63.0,2.0,0.0
test/torch_np/numpy_tests/core/test_scalar_methods.py,77.0,0.0,77.0,0.0,77.0,0.0,77.0,0.0
test/torch_np/numpy_tests/core/test_scalarinherit.py,3.0,0.0,3.0,0.0,3.0,0.0,3.0,0.0
test/torch_np/numpy_tests/core/test_scalarmath.py,186.0,41.0,145.0,0.0,186.0,41.0,145.0,0.0
test/torch_np/numpy_tests/core/test_shape_base.py,119.0,73.0,46.0,0.0,119.0,73.0,46.0,0.0
test/torch_np/numpy_tests/fft/test_helper.py,8.0,8.0,0.0,0.0,8.0,8.0,0.0,0.0
test/torch_np/numpy_tests/fft/test_pocketfft.py,79.0,55.0,24.0,0.0,79.0,55.0,24.0,0.0
test/torch_np/numpy_tests/lib/test_arraypad.py,9.0,5.0,4.0,0.0,9.0,5.0,4.0,0.0
test/torch_np/numpy_tests/lib/test_arraysetops.py,62.0,6.0,56.0,0.0,62.0,6.0,56.0,0.0
test/torch_np/numpy_tests/lib/test_function_base.py,505.0,250.0,255.0,0.0,505.0,250.0,255.0,0.0
test/torch_np/numpy_tests/lib/test_histograms.py,60.0,32.0,28.0,0.0,60.0,32.0,28.0,0.0
test/torch_np/numpy_tests/lib/test_index_tricks.py,47.0,13.0,34.0,0.0,47.0,13.0,34.0,0.0
test/torch_np/numpy_tests/lib/test_shape_base_.py,73.0,52.0,21.0,0.0,73.0,52.0,21.0,0.0
test/torch_np/numpy_tests/lib/test_twodim_base.py,34.0,26.0,8.0,0.0,34.0,26.0,8.0,0.0
test/torch_np/numpy_tests/lib/test_type_check.py,50.0,39.0,11.0,0.0,50.0,39.0,11.0,0.0
test/torch_np/numpy_tests/linalg/test_linalg.py,268.0,218.0,50.0,0.0,268.0,218.0,50.0,0.0
test/torch_np/test_basic.py,453.0,451.0,2.0,0.0,453.0,450.0,3.0,0.0
test/torch_np/test_binary_ufuncs.py,38.0,38.0,0.0,0.0,38.0,38.0,0.0,0.0
test/torch_np/test_dtype.py,44.0,15.0,29.0,0.0,44.0,15.0,29.0,0.0
test/torch_np/test_function_base.py,1.0,1.0,0.0,0.0,1.0,1.0,0.0,0.0
test/torch_np/test_indexing.py,5.0,5.0,0.0,0.0,5.0,5.0,0.0,0.0
test/torch_np/test_ndarray_methods.py,342.0,316.0,26.0,0.0,342.0,316.0,26.0,0.0
test/torch_np/test_nep50_examples.py,1573.0,0.0,1573.0,0.0,1573.0,0.0,1573.0,0.0
test/torch_np/test_random.py,41.0,41.0,0.0,0.0,41.0,41.0,0.0,0.0
test/torch_np/test_reductions.py,966.0,411.0,555.0,0.0,966.0,411.0,555.0,0.0
test/torch_np/test_scalars_0D_arrays.py,33.0,33.0,0.0,0.0,33.0,33.0,0.0,0.0
test/torch_np/test_ufuncs_basic.py,371.0,295.0,76.0,0.0,371.0,295.0,76.0,0.0
test/torch_np/test_unary_ufuncs.py,42.0,42.0,0.0,0.0,42.0,42.0,0.0,0.0
test/typing/test_python_operators.py,318.0,318.0,0.0,0.0,318.0,318.0,0.0,0.0
test/xpu/test_conv.py,0.0,0.0,0.0,0.0,68.0,63.0,5.0,0.0
test/xpu/test_fusion.py,0.0,0.0,0.0,0.0,4.0,4.0,0.0,0.0
test/xpu/test_gemm.py,0.0,0.0,0.0,0.0,319.0,319.0,0.0,0.0
test/c10_xpu_XPUCachingAllocatorTest.py,,,,,4.0,4.0,0.0,0.0
test/c10_xpu_XPUDeviceTest.py,,,,,3.0,3.0,0.0,0.0
test/c10_xpu_XPUGuardTest.py,,,,,2.0,2.0,0.0,0.0
test/c10_xpu_XPUStreamTest.py,,,,,8.0,8.0,0.0,0.0
test/distributions/test_constraints.py,,,,,136.0,66.0,70.0,0.0
test/inductor/test_smoke.py,,,,,3.0,3.0,0.0,0.0
test/inductor/test_xpu_basic.py,,,,,4.0,4.0,0.0,0.0
test/test_xpu.py,,,,,72.0,67.0,5.0,0.0
test/xpu_caching_host_allocator_test.py,,,,,5.0,5.0,0.0,0.0
test/xpu_device_test.py,,,,,3.0,3.0,0.0,0.0
test/xpu_event_test.py,,,,,3.0,3.0,0.0,0.0
test/xpu_generator_test.py,,,,,5.0,5.0,0.0,0.0
test/xpu_reportMemoryUsage_test.py,,,,,1.0,1.0,0.0,0.0
